Name,CustomerNumber,Email
B Duncan,C2000,MEEHGGLY3@comcast.com
N Garnett,C2001,AATXMSBF3@comcast.com
K James,C2002,GHXCIXPN2@verizon.com
A Nash,C2003,CHDEAQWS2@verizon.com
A Jefferson,C2004,ZKCPVWFH3@comcast.com
E Camby,C2005,GOKUAVVN2@verizon.com
N Carter,C2006,GEHBWYBJ3@comcast.com
C Wade,C2007,CEFJIEMR2@verizon.com
P Marion,C2008,UIANFYVQ3@comcast.com
J Webber,C2009,YJMBEUXH1@gmail.com
D Okur,C2010,SBDYLCBF1@gmail.com
M Nowitzki,C2011,BFNOTXFB1@gmail.com
H Kidd,C2012,ULVFLMAL1@gmail.com
W Iverson,C2013,AEVMDDGO2@verizon.com
W Bryant,C2014,KLXQBDEJ2@verizon.com
O Walker,C2015,XUAJWLAI3@comcast.com
U Wallace,C2016,WEGYJWHX2@verizon.com
C Kirilenko,C2017,THCZXPAA2@verizon.com
X Brand,C2018,TNQFHHVI2@verizon.com
P Gasol,C2019,PEHWXBFS3@comcast.com
E Mobley,C2020,QPLYQHPC1@gmail.com
I Arenas,C2021,GGLDKGGS1@gmail.com
O Redd,C2022,EKSUUNXO2@verizon.com
N Bosh,C2023,JYGAQQLH2@verizon.com
I Gooden,C2024,TUZWHLPL2@verizon.com
E Iguodala,C2025,YZFSDTMF2@verizon.com
S Jones,C2026,ONSCKMAP2@verizon.com
M Odom,C2027,HYJCDILF3@comcast.com
O O'Neal,C2028,BIRRRWLW3@comcast.com
W Jaric,C2029,SVONDSGR2@verizon.com
Y Anthony,C2030,JVUJAOPQ3@comcast.com
P Jones,C2031,RLESUPPX1@gmail.com
S Cassell,C2032,BHEEFXYB2@verizon.com
O Parker,C2033,IDAIGUZK2@verizon.com
F Parker,C2034,IPXIPHUD2@verizon.com
G Knight,C2035,ARRUBQTX2@verizon.com
V Pierce,C2036,HHIKTSQH3@comcast.com
T Peterson,C2037,RLRZPOYJ3@comcast.com
R Duhon,C2038,IJZGMJYK2@verizon.com
T West,C2039,PRBXIMPS3@comcast.com
B Okafor,C2040,USBSUVYD2@verizon.com
N Jamison,C2041,OMTJRPLP2@verizon.com
S Diaw-Riffiod,C2042,HLFZRZPE1@gmail.com
I Hamilton,C2043,DFMSGQAK2@verizon.com
T Tinsley,C2044,EMZKQLCJ2@verizon.com
X Paul,C2045,NPSOENDW2@verizon.com
W Allen,C2046,EHOUCNBC2@verizon.com
T Ford,C2047,CLIIZBOH1@gmail.com
C Wallace,C2048,ITEMEPHM3@comcast.com
A Ilgauskas,C2049,ZMTWDDUQ2@verizon.com
T Williams,C2050,HBYYRBCE2@verizon.com
N Stojakovic,C2051,ZTCRYWMP3@comcast.com
T James,C2052,ZQWQUHLS3@comcast.com
V Davis,C2053,OZQTGBSA3@comcast.com
S Miller,C2054,HGVYPVIC2@verizon.com
V Simmons,C2055,UDJATOZJ2@verizon.com
U Francis,C2056,PPDGNAHJ3@comcast.com
D Wells,C2057,DTZNNNZV3@comcast.com
L Hunter,C2058,OSKOHXQY2@verizon.com
V Calderon,C2059,JLLNDOSZ3@comcast.com
D Miller,C2060,MEWENLVA2@verizon.com
C Marshall,C2061,WVUCRXLK2@verizon.com
H Johnson,C2062,CJUQKOOS1@gmail.com
U Richardson,C2063,UPJDCRTM2@verizon.com
H Blount,C2064,LXFECLPS3@comcast.com
N Claxton,C2065,GIJVARRH2@verizon.com
Y Abdur-Rahim,C2066,ZRSDAEZG1@gmail.com
O Bell,C2067,QSKMHBIB1@gmail.com
M Barbosa,C2068,SLOTDFRH3@comcast.com
I Horry,C2069,FMVXDYER1@gmail.com
G Haslem,C2070,EVEYAGUS2@verizon.com
N Croshere,C2071,SHMRBNWU1@gmail.com
Z Howard,C2072,XMONCJOP1@gmail.com
S Hughes,C2073,IZJMDUHV1@gmail.com
N LaFrentz,C2074,LPBNOPJI1@gmail.com
G Mourning,C2075,NDVVPCWW1@gmail.com
X Artest,C2076,CLEAQPFJ2@verizon.com
V Hinrich,C2077,PAPYNQSZ2@verizon.com
N Martin,C2078,OLHFPMIY3@comcast.com
S Haywood,C2079,BUJCFQTY2@verizon.com
Y Ming,C2080,CNZYUSXA1@gmail.com
J Prince,C2081,SAJXUCXM3@comcast.com
L Miles,C2082,EZKHANFA2@verizon.com
V Ginobili,C2083,HJTWOZNP1@gmail.com
Y Billups,C2084,VKDKTABG2@verizon.com
C Williams,C2085,EOXLXVOD1@gmail.com
T Krstic,C2086,DEOBTYLD2@verizon.com
C Brown,C2087,LCREVBWD1@gmail.com
Y Lewis,C2088,PTYDXEXP3@comcast.com
U Smith,C2089,KCDOLINC2@verizon.com
O Rose,C2090,XSLMAXCF3@comcast.com
M Payton,C2091,OIQFUYIC3@comcast.com
W West,C2092,XPIMXTAV1@gmail.com
R Childress,C2093,VSBZBIPY2@verizon.com
J Ostertag,C2094,QBJTZPXL2@verizon.com
Z Battier,C2095,PCLKILWH2@verizon.com
P Bogut,C2096,NXIMBKQI3@comcast.com
A Lenard,C2097,SEAMAHHD3@comcast.com
S Jones,C2098,VQXRDLSY3@comcast.com
L Przybilla,C2099,LENMZIKL1@gmail.com
T Terry,C2100,FQNQZGPE3@comcast.com
R Kaman,C2101,UZDEATPN1@gmail.com
H Sweetney,C2102,YUCOEARM3@comcast.com
J Griffin,C2103,THBSLWXR1@gmail.com
Z Fisher,C2104,MGTEVKWZ2@verizon.com
S Jackson,C2105,SLEAACNU1@gmail.com
Z Stoudamire,C2106,JXOKLNMW3@comcast.com
R Olowokandi,C2107,YLQUHHDY1@gmail.com
Z Gordon,C2108,XGDHVFII3@comcast.com
F House,C2109,HRXCQDYB1@gmail.com
F Wallace,C2110,QRMNOPSB2@verizon.com
C Evans,C2111,IHRPQMIZ2@verizon.com
G Brezec,C2112,IBAAVICG2@verizon.com
A Stevenson,C2113,VZWGQDWX3@comcast.com
Z Pachulia,C2114,OLZLUYAH1@gmail.com
T Magloire,C2115,CLWRBPHY3@comcast.com
D Smith,C2116,IOHQWDOF1@gmail.com
M Barry,C2117,DPVVBSFO1@gmail.com
M Davis,C2118,YMFPMKHD3@comcast.com
V Ridnour,C2119,WBVVYFJO1@gmail.com
S Ely,C2120,RTZYKGPJ1@gmail.com
Q Felton,C2121,CGEJNOYO2@verizon.com
K Thomas,C2122,QKWQZLRD3@comcast.com
J Miller,C2123,UVHXDIOX1@gmail.com
V Buckner,C2124,IQXUESEA3@comcast.com
M Szczerbiak,C2125,WLZMKJWZ2@verizon.com
J Ariza,C2126,VTSNKAMG1@gmail.com
S Murphy,C2127,IRSBWPPN3@comcast.com
X Van,C2128,SMWKTHCY3@comcast.com
Q Turkoglu,C2129,GNJZQZZH3@comcast.com
Q Harpring,C2130,IBHEGTID1@gmail.com
R Jasikevicius,C2131,NLVUHLRY1@gmail.com
K Ross,C2132,LXNCVMTZ1@gmail.com
Z Daniels,C2133,CUTFCSBY1@gmail.com
M Anderson,C2134,GFFRZSWV3@comcast.com
W Boykins,C2135,QYTHVSPE3@comcast.com
G Randolph,C2136,UPHGAWGQ1@gmail.com
K Bowen,C2137,KDAECGME2@verizon.com
U Alston,C2138,ODAFLTLG1@gmail.com
L Elson,C2139,QDYWDBWU1@gmail.com
P Chandler,C2140,OKXBQPHY1@gmail.com
X McLeod,C2141,MKJBMZCE3@comcast.com
B George,C2142,LRDWXHKC3@comcast.com
C Kapono,C2143,ZSYMPJVE1@gmail.com
B Williams,C2144,OOHBSZRA2@verizon.com
M Korver,C2145,XKHOUJXV3@comcast.com
A Hudson,C2146,HQMSDHWA1@gmail.com
A Telfair,C2147,RAFYVQCJ3@comcast.com
A Villanueva,C2148,CBZNIKWL3@comcast.com
Z Songaila,C2149,DGKNHDXH2@verizon.com
M Pujols,C2150,MNGXHYBQ3@comcast.com
M Rodriguez,C2151,VSASILUW3@comcast.com
A Guerrero,C2152,YEPVGWRQ2@verizon.com
V Beltran,C2153,KVBRDSUT2@verizon.com
G Santana,C2154,RMRJYFRX1@gmail.com
M Tejada,C2155,YBWUUTZH1@gmail.com
J Helton,C2156,VUGPTQLV1@gmail.com
A Soriano,C2157,SFSFGRFY2@verizon.com
L Johnson,C2158,UUJXAQOE1@gmail.com
A Ramirez,C2159,KNJUYHCU3@comcast.com
N Abreu,C2160,NNHROZDD2@verizon.com
Y Suzuki,C2161,BEEVVTHE1@gmail.com
K Sheffield,C2162,CJXUHBAL2@verizon.com
O Rolen,C2163,MPDQBURK3@comcast.com
B Schmidt,C2164,URDEVLKX1@gmail.com
H Crawford,C2165,ZPWWERXG2@verizon.com
B Prior,C2166,FXEFICYB2@verizon.com
J Thome,C2167,JIUPKDHN2@verizon.com
N Schilling,C2168,QWVEJJIY3@comcast.com
K Lee,C2169,ZWPIENAE3@comcast.com
D Teixeira,C2170,HFTRWCVN1@gmail.com
X Martinez,C2171,GQNHENDR2@verizon.com
Q Cabrera,C2172,JTBNXHEN3@comcast.com
E Oswalt,C2173,RRAMKGGH3@comcast.com
P Roberts,C2174,YIPQKPZV3@comcast.com
I Pierre,C2175,XGYXEJFX1@gmail.com
K Beltre,C2176,NTEEVFGM3@comcast.com
P Sheets,C2177,QDXUGMDP2@verizon.com
Z Huff,C2178,CCMXGTAM1@gmail.com
W Ortiz,C2179,CCUDTQUM1@gmail.com
D Edmonds,C2180,HKWCEZYQ2@verizon.com
Q Zambrano,C2181,OLXZTKTJ3@comcast.com
W Jeter,C2182,WSSEBBML2@verizon.com
D Rivera,C2183,OYQEWFTW3@comcast.com
L Gagne,C2184,SCVYKAFA2@verizon.com
B Hudson,C2185,HCFMIEDI1@gmail.com
I Patterson,C2186,VPHYWEFF2@verizon.com
T Lidge,C2187,RWDICZTQ2@verizon.com
T Ramirez,C2188,WMCJRJGV2@verizon.com
B Blalock,C2189,VNRFQVQT2@verizon.com
D Mora,C2190,GKGRGMFE2@verizon.com
A Peavy,C2191,JKVCFXLZ1@gmail.com
N Matsui,C2192,FLEJAMJX1@gmail.com
B Chavez,C2193,SSPSQTKI3@comcast.com
P Lee,C2194,SHNDWXKJ1@gmail.com
J Foulke,C2195,DIODICDU2@verizon.com
O Dunn,C2196,NIBNRCFY2@verizon.com
G Young,C2197,CTOOYNTY2@verizon.com
A Lopez,C2198,EROLOMAP2@verizon.com
G Delgado,C2199,XFYPUUHI2@verizon.com
R Wood,C2200,HSURARSP3@comcast.com
P Kent,C2201,DUMPKRRX1@gmail.com
Z Renteria,C2202,QRDKTION3@comcast.com
T Rodriguez,C2203,DJJIWJNC3@comcast.com
W Morneau,C2204,BSTJYYOF1@gmail.com
D Giles,C2205,RIGHEGZZ2@verizon.com
E Clemens,C2206,LMWTVPDZ2@verizon.com
X Jones,C2207,QQDIZEZJ2@verizon.com
W Martinez,C2208,AAXMVPLU3@comcast.com
N Pavano,C2209,CPCNGYWH3@comcast.com
E Rodriguez,C2210,DLECQQIH3@comcast.com
W Furcal,C2211,GAMXSBOQ2@verizon.com
H Nathan,C2212,GYUUWOGW2@verizon.com
Q Boone,C2213,ILYYLXJQ3@comcast.com
V Wagner,C2214,RJDDWUQT2@verizon.com
N Hafner,C2215,DJGHWZTP3@comcast.com
R Cordero,C2216,VVRFOEBN2@verizon.com
Q Damon,C2217,XAIHPIBX2@verizon.com
Y Dotel,C2218,NHRIIEKH2@verizon.com
B Loretta,C2219,HQNXYUVX2@verizon.com
Q Sosa,C2220,LVYXMGMS1@gmail.com
Y Mussina,C2221,HKEXFXPU1@gmail.com
A Perez,C2222,QIGKCUFY2@verizon.com
V Wells,C2223,UIMZKCIV2@verizon.com
I Wright,C2224,MVUPQPDL3@comcast.com
Y Giles,C2225,TMLHBJRB2@verizon.com
K Mulder,C2226,MXKOUZVX1@gmail.com
R Berkman,C2227,MEHNEEQE2@verizon.com
O Posada,C2228,VSMLGWAL1@gmail.com
I Smoltz,C2229,LHHCNOFQ3@comcast.com
C Rollins,C2230,SUSBKRES3@comcast.com
Y Harden,C2231,FEOEDJYA1@gmail.com
P Isringhausen,C2232,YEHNSKQM3@comcast.com
O Sexson,C2233,HNUOEUQB1@gmail.com
P Podsednik,C2234,WAVMAWLB2@verizon.com
G Drew,C2235,OMFAWODH2@verizon.com
J Hoffman,C2236,FTZZIQYX1@gmail.com
Q Halladay,C2237,EKWXBQGE3@comcast.com
W Jones,C2238,MJKUOLBN3@comcast.com
Y Buehrle,C2239,JYCFKHVR3@comcast.com
Z Lowell,C2240,GWMEJNGN2@verizon.com
B Anderson,C2241,CVWCXFAU2@verizon.com
A Bay,C2242,CXIAOGGW2@verizon.com
W Guillen,C2243,ELKQWXEL1@gmail.com
T Konerko,C2244,AIKIRLFM1@gmail.com
C Green,C2245,DEPQJJAO1@gmail.com
A Reyes,C2246,OSZDTNMP3@comcast.com
M Vidro,C2247,XASGIJUW2@verizon.com
D Utley,C2248,EBDYFLUS2@verizon.com
K Garland,C2249,EHIVTXSP3@comcast.com
K Willis,C2250,WUBFLBAC2@verizon.com
F Hernandez,C2251,RTYXUGCF1@gmail.com
F Mota,C2252,KKSHYQHV3@comcast.com
X Glaus,C2253,DSRURPTA1@gmail.com
V Vazquez,C2254,PLOCCLHR1@gmail.com
X Casey,C2255,BVUOEGGF3@comcast.com
Z Hunter,C2256,ULHZHBHP2@verizon.com
L Varitek,C2257,RYFSONOA2@verizon.com
B Bagwell,C2258,FIIKZDPB1@gmail.com
N Zito,C2259,MKOQHWIZ2@verizon.com
G Finley,C2260,OLAACIAL3@comcast.com
D Perez,C2261,PASXTEBR1@gmail.com
U Colon,C2262,IQHITBVR2@verizon.com
Q Guillen,C2263,EEYLGAOI3@comcast.com
E Figgins,C2264,IEIZXKAQ3@comcast.com
C Radke,C2265,SMXLUYHJ3@comcast.com
I Wilkerson,C2266,BJCMQQRA1@gmail.com
U Kendall,C2267,PLYFHRQA3@comcast.com
Q Maddux,C2268,WDKFVJOQ3@comcast.com
Q Beckett,C2269,CJYYCYUI1@gmail.com
Y Percival,C2270,IGAIKUFI1@gmail.com
V Garcia,C2271,DENNLWWA3@comcast.com
T Burnett,C2272,FKCSNKEC2@verizon.com
T Guardado,C2273,QODAANUD1@gmail.com
L Sabathia,C2274,XUHYCTWX3@comcast.com
N Clement,C2275,JEZVLKFH2@verizon.com
R Kolb,C2276,KQKVRHVT3@comcast.com
C Durazo,C2277,CWVVAUWB3@comcast.com
J Piazza,C2278,RVYAQMOE2@verizon.com
Q Rowand,C2279,TMGHQUMJ3@comcast.com
H Cabrera,C2280,JUJRHGYB2@verizon.com
J Looper,C2281,WMJKTRII2@verizon.com
R Wells,C2282,NDYDEDHL3@comcast.com
B Cordero,C2283,WSEFRYMG2@verizon.com
H Alou,C2284,PHFWPAHJ3@comcast.com
E Mauer,C2285,UTWVCIEC2@verizon.com
Q Winn,C2286,WXRZNYPL3@comcast.com
I Weaver,C2287,ENMWRMZF2@verizon.com
E Greinke,C2288,MCCNYFCP3@comcast.com
T Gonzalez,C2289,JUSCBNSM3@comcast.com
V Bonderman,C2290,PVPHRVOU1@gmail.com
E Boone,C2291,KXAORYAE1@gmail.com
R Ryan,C2292,MFBQPAJC1@gmail.com
J Castillo,C2293,ZTGAHXDG2@verizon.com
T Arroyo,C2294,IUWRIBZM1@gmail.com
G LoDuca,C2295,TUFVOTUI1@gmail.com
S Escobar,C2296,LENQIPIK1@gmail.com
U Takatsu,C2297,BWCXMPRP3@comcast.com
J Westbrook,C2298,DAFHWLDT3@comcast.com
W Ordonez,C2299,ULPOLPLG3@comcast.com
R Barmes,C2300,WICXURHI3@comcast.com
C Ford,C2301,OTJXIRQN2@verizon.com
T Young,C2302,DMXRTAGN2@verizon.com
N Carpenter,C2303,IGRQDEGV1@gmail.com
A Millar,C2304,KQQPJUAC1@gmail.com
R Pettitte,C2305,FMNZOJXH3@comcast.com
P Estrada,C2306,CJUXHCZP1@gmail.com
V Nevin,C2307,BGGWPHOS3@comcast.com
H Matsui,C2308,DQLMNYVN1@gmail.com
S Overbay,C2309,ZQJGGSYP1@gmail.com
U Lieber,C2310,YNSIKWQR3@comcast.com
K Leiter,C2311,MYTZSSMM1@gmail.com
B Sweeney,C2312,IZKJISKO1@gmail.com
P Hillenbrand,C2313,WZLRAZXS2@verizon.com
Y Crosby,C2314,VTNKDPNI1@gmail.com
Y Koskie,C2315,BINOVPDP1@gmail.com
W Lieberthal,C2316,CIQMWKGC1@gmail.com
V Durham,C2317,XWWEREEQ2@verizon.com
W Baez,C2318,FVKIROSM3@comcast.com
X McPherson,C2319,LIMBOUHA3@comcast.com
Z Lilly,C2320,TFLVJRCW3@comcast.com
J Cuddyer,C2321,JZCIGQLF3@comcast.com
D Uribe,C2322,NLCSVXQJ1@gmail.com
L Hawkins,C2323,PHOKELJJ1@gmail.com
C Palmeiro,C2324,WGQBNJZO2@verizon.com
I Greene,C2325,QZHMLZHP2@verizon.com
I Bradley,C2326,XMFOPJYN3@comcast.com
B Cameron,C2327,EYDNLWTN2@verizon.com
D Jones,C2328,OMLAVAYU1@gmail.com
W Lawrence,C2329,SZUDCTRY2@verizon.com
K Crisp,C2330,YUJOSKZJ2@verizon.com
Q Womack,C2331,NVBFXHGS2@verizon.com
M Jenkins,C2332,HHNXOCLR1@gmail.com
I Walker,C2333,SYYJHDAQ1@gmail.com
M Broussard,C2334,ABWRBOSC2@verizon.com
R Sanders,C2335,TTOUGKJI3@comcast.com
M Burnitz,C2336,ANTPQYLO3@comcast.com
R Penny,C2337,SIUAKELI2@verizon.com
B Barrett,C2338,RJNMERDA3@comcast.com
L Hidalgo,C2339,YIRHSPDF3@comcast.com
O Floyd,C2340,EYJNHTJS3@comcast.com
C Stewart,C2341,ZMWAQAXD3@comcast.com
L Pierzynski,C2342,ZGYRRXIC2@verizon.com
G Mench,C2343,OVDGULTW3@comcast.com
V Bellhorn,C2344,LBNFWQOJ1@gmail.com
H Berroa,C2345,NISSCPZZ1@gmail.com
U Blake,C2346,IAMPPUIS1@gmail.com
E Eaton,C2347,CHUTSNZB3@comcast.com
P Wright,C2348,XCAAFLSU3@comcast.com
N LaRoche,C2349,ZORZVSKU3@comcast.com
J Legace,C2350,TLZMGOOT2@verizon.com
P Hasek,C2351,IEIEWFHW3@comcast.com
E Kiprusoff,C2352,EEXRNLHM2@verizon.com
W Labarbera,C2353,IYZAUBON2@verizon.com
R Lundqvist,C2354,HOWXSAQT3@comcast.com
A Jagr,C2355,KQLSJFKI1@gmail.com
N Heatley,C2356,JRNLQARA1@gmail.com
Z Fernandez,C2357,XDCMRUYU3@comcast.com
U Alfredsson,C2358,PJTVJWXZ2@verizon.com
A Joseph,C2359,BPBDNXWP2@verizon.com
U McCabe,C2360,HQXWVOFD1@gmail.com
K Vokoun,C2361,WFTTRLEW3@comcast.com
T Visnovsky,C2362,TOHDCKAY1@gmail.com
J Salo,C2363,TUMSJTTR1@gmail.com
M Gagne,C2364,BFLYXFLT1@gmail.com
W Luongo,C2365,QSXVEVVW1@gmail.com
W Staal,C2366,YHTEEMGJ3@comcast.com
E Giguere,C2367,EFBYCNOE1@gmail.com
Y Redden,C2368,ZZCUVQHT1@gmail.com
Y Roloson,C2369,KGCYBQEU3@comcast.com
W Selanne,C2370,JPXNSLFO3@comcast.com
B Spezza,C2371,KJQPGLWR3@comcast.com
U Mara,C2372,QCOZVJYL3@comcast.com
N Chara,C2373,NKHNOVNE2@verizon.com
R Forsberg,C2374,ZAENCBOY1@gmail.com
E Auld,C2375,MFODQUVG1@gmail.com
O Lecavalier,C2376,TJRWBNIS2@verizon.com
I Gerber,C2377,WGVXLYMN3@comcast.com
L Jovanovski,C2378,EUATGUGM3@comcast.com
H Schaefer,C2379,YNTYNCXK3@comcast.com
X Liles,C2380,MXKMRVGV3@comcast.com
H Markkanen,C2381,RNMTNHXL2@verizon.com
P Miller,C2382,UVGRTAYU3@comcast.com
D Naslund,C2383,PFMJJNCW1@gmail.com
Y Demitra,C2384,VXMENPAL3@comcast.com
G Theodore,C2385,NJZBYHGJ1@gmail.com
D Schneider,C2386,XBYXHTWL2@verizon.com
L Shanahan,C2387,HUVESYVE1@gmail.com
G Murray,C2388,THSILKLB1@gmail.com
B Hossa,C2389,XGKUDUUI1@gmail.com
W Ovechkin,C2390,VWDKFYHC2@verizon.com
K Pitkanen,C2391,KVFZFJHJ3@comcast.com
E Iginla,C2392,PQYSCDGX1@gmail.com
H Zhitnik,C2393,YDIMTFCN1@gmail.com
R Lidstrom,C2394,APAFWKIF2@verizon.com
H Crosby,C2395,NLRFXUMZ1@gmail.com
T Zetterberg,C2396,SZUIBOSV3@comcast.com
X Phaneuf,C2397,JUUDNBVX2@verizon.com
A Knuble,C2398,NWOHIQOS1@gmail.com
X Kovalev,C2399,BTIDZDCV3@comcast.com
G Williams,C2400,CDBLLWRS1@gmail.com
F Gonchar,C2401,YTCBKMCK1@gmail.com
T Prospal,C2402,CIFVFYHA2@verizon.com
V Modano,C2403,WNSSEDCM1@gmail.com
C Datsyuk,C2404,AIEASDBE1@gmail.com
S Lemieux,C2405,GEDBZKKG1@gmail.com
N Samsonov,C2406,IMLKDANM2@verizon.com
F Cole,C2407,AAKFIYFX3@comcast.com
J Rolston,C2408,OKHTTNMG1@gmail.com
K Boucher,C2409,ASJIFLHU2@verizon.com
Y Esche,C2410,AOFREJHY1@gmail.com
L Yashin,C2411,TZSBFZJN1@gmail.com
A Koivu,C2412,ZOVZMEZN3@comcast.com
B Turco,C2413,KQSKXIWT2@verizon.com
Q Arnott,C2414,YCDUESBE3@comcast.com
V Thornton,C2415,YOGQZCNE2@verizon.com
G Desjardins,C2416,AGPIJWKI2@verizon.com
Q Brind'Amour,C2417,WLYHMSPK1@gmail.com
B Spacek,C2418,UHBRPUOQ1@gmail.com
W Holmstrom,C2419,XJRQZAOI3@comcast.com
X Richards,C2420,ZBLSMMAM1@gmail.com
R Niedermayer,C2421,IIYBGWFI3@comcast.com
S Bondra,C2422,MKFWIVJQ1@gmail.com
G Guerin,C2423,CDGFNQJQ2@verizon.com
N Recchi,C2424,XPZVWILH3@comcast.com
L Grahame,C2425,ZZALBGBV3@comcast.com
U Briere,C2426,UWYAJWAF3@comcast.com
K Morrow,C2427,BDHANAWK3@comcast.com
Z Kovalchuk,C2428,ZWJXVENV2@verizon.com
X Slegr,C2429,FYWPRGUY3@comcast.com
V Stillman,C2430,SQEIYDZY1@gmail.com
L Hamrlik,C2431,YWPOPJJU1@gmail.com
G Vorobiev,C2432,HJBGKILI3@comcast.com
E Lupul,C2433,RLJZLIZU2@verizon.com
O DeVries,C2434,NLFKDKLF2@verizon.com
T Berard,C2435,RNVEIIRC2@verizon.com
D Young,C2436,CKEZQYXW2@verizon.com
D Stoll,C2437,RXORIULO2@verizon.com
C Gionta,C2438,UKSEHIRB3@comcast.com
N Hemsky,C2439,VCPNVIOO1@gmail.com
R Lindros,C2440,AVEDAJQL2@verizon.com
C Blake,C2441,PHPCABYM2@verizon.com
H Osgood,C2442,HFEOGZYE3@comcast.com
R Savard,C2443,GSTDXIIV1@gmail.com
S Brisebois,C2444,SDSFDSAI1@gmail.com
Z Seabrook,C2445,YUVOZKGT2@verizon.com
P Lang,C2446,VWAKITMJ3@comcast.com
H Jackman,C2447,URWBQIHG1@gmail.com
R Laperriere,C2448,WCRODSDA2@verizon.com
G Sykora,C2449,FDVLVYZW3@comcast.com
X Jokinen,C2450,IBHUXPGO3@comcast.com
Z Neil,C2451,ERNWNOMT2@verizon.com
R Ohlund,C2452,CWIUKKZC2@verizon.com
F Rucinsky,C2453,SDHDUTVO1@gmail.com
O Amonte,C2454,EGDDHXIG2@verizon.com
R Doan,C2455,OOODFOGH1@gmail.com
K Bertuzzi,C2456,RTJRGDNI3@comcast.com
Y Frolov,C2457,WBUMWMWO1@gmail.com
O Conroy,C2458,YZWIPRDM1@gmail.com
U Ward,C2459,NQTXGRDU1@gmail.com
M Lehtinen,C2460,FZNNKWZD1@gmail.com
O Marleau,C2461,YKUXOLBN3@comcast.com
L Palffy,C2462,GGGYQKXW1@gmail.com
V Smyth,C2463,KBQTUORZ1@gmail.com
H Zubov,C2464,PUDEUQGG2@verizon.com
V Straka,C2465,NNAHBWGB3@comcast.com
Y Avery,C2466,JFRDFTDH3@comcast.com
M Samuelsson,C2467,QRAUSBLJ1@gmail.com
K Van,C2468,WUBBSZHX1@gmail.com
T Eminger,C2469,LBWNPYPD2@verizon.com
Y Torres,C2470,OOWBINLP1@gmail.com
H Arnason,C2471,KDITELDJ3@comcast.com
K McDonald,C2472,FGJHCSRT2@verizon.com
H Horton,C2473,YKQEMYTU1@gmail.com
K Aebischer,C2474,AJSINUKR2@verizon.com
I Sullivan,C2475,VVSZPHDX2@verizon.com
U Burke,C2476,UFZDXEDC1@gmail.com
Q Prusek,C2477,AMGJBRWN3@comcast.com
V Satan,C2478,FISCMWFM3@comcast.com
R Horcoff,C2479,AOVBATTS2@verizon.com
X Allison,C2480,FXZDOAJA3@comcast.com
I Afinogenov,C2481,HNUTRSWC2@verizon.com
Q Fischer,C2482,RYQTXBFF2@verizon.com
C Bergeron,C2483,BKYNVWTS1@gmail.com
M Leetch,C2484,VKUPDYCC1@gmail.com
S Modin,C2485,WGVQDPKZ1@gmail.com
B Cheechoo,C2486,YTNYYVJY2@verizon.com
R Leclerc,C2487,MRVXWRSI1@gmail.com
E Nagy,C2488,ULWVKEQH2@verizon.com
F Bouchard,C2489,TBIFMBXW3@comcast.com
U Modry,C2490,BZQTFREB1@gmail.com
Y Toivonen,C2491,XEAVNJRT1@gmail.com
H Kotalik,C2492,AIPLHLWI2@verizon.com
J Begin,C2493,ZNTKOSLJ2@verizon.com
Z Nylander,C2494,VKAVNYXG2@verizon.com
O Kariya,C2495,LALXUKVJ1@gmail.com
J Steen,C2496,KCRRIBTT3@comcast.com
I Emery,C2497,SFMNEPLO1@gmail.com
Y Blake,C2498,LHETLKDR2@verizon.com
H Kozlov,C2499,JDHMWXWU3@comcast.com
G O'Neill,C2500,IODVODRX3@comcast.com
C Cullen,C2501,EHWFGUWF3@comcast.com
K Moreau,C2502,AKKUINLH3@comcast.com
H Sedin,C2503,TBKFUUAN2@verizon.com
H Ribeiro,C2504,PZHDQPSK3@comcast.com
T St.,C2505,JHEASZPE1@gmail.com
U Staios,C2506,POWKMGOI2@verizon.com
K Morrison,C2507,STEUKJNT3@comcast.com
L Carney,C2508,LIAOJETI2@verizon.com
L Mogilny,C2509,CLQAWGYF2@verizon.com
M Langkow,C2510,ECEUOGUO2@verizon.com
Q Brown,C2511,IDRBTYVA3@comcast.com
X Kolzig,C2512,PKJCSHQZ2@verizon.com
B Sakic,C2513,SHBWWMDK2@verizon.com
N Scatchard,C2514,OUYEIFTQ1@gmail.com
I Tucker,C2515,GPBHIRVU1@gmail.com
Q Richards,C2516,OQGXVGWR1@gmail.com
P Ryder,C2517,GYVCZVAT2@verizon.com
Y Svatos,C2518,UZSPURWV3@comcast.com
B Lapointe,C2519,NNOCCNIB2@verizon.com
H Axelsson,C2520,QEKEGZMI3@comcast.com
K Sturm,C2521,JCLEOFBO3@comcast.com
P Timonen,C2522,BSYCDDOV3@comcast.com
S Rathje,C2523,ZOVOJBOM2@verizon.com
H Niedermayer,C2524,GGREIQAM3@comcast.com
J Handzus,C2525,KIRBRTNC3@comcast.com
H Cajanek,C2526,UQSFTUTC2@verizon.com
O Ott,C2527,KNIXGNBS1@gmail.com
P Belfour,C2528,NXQHVQLS3@comcast.com
S Bergeron,C2529,QOSNJXCM2@verizon.com
C Markov,C2530,COSHJCEQ3@comcast.com
B Comrie,C2531,OMPXHVKN2@verizon.com
X Sedin,C2532,IGKGCCOO3@comcast.com
I Kubina,C2533,JKDZIJFX2@verizon.com
V Dunham,C2534,TFVHUHPZ1@gmail.com
R Kaberle,C2535,WPFVROCU3@comcast.com
L Langenbrunner,C2536,VLSVGGFJ3@comcast.com
R Schaefer,C2537,JPBWPEQA3@comcast.com
H Havlat,C2538,KWVJFFPJ3@comcast.com
U Whitney,C2539,VGJHVBRA2@verizon.com
D McLaren,C2540,AKLMNDXV2@verizon.com
C Chouinard,C2541,KNGLHPMO2@verizon.com
B Stevenson,C2542,CNPQMYJQ2@verizon.com
N Tverdovsky,C2543,CDHPRCOK3@comcast.com
R Stuart,C2544,QSZDWKBZ1@gmail.com
N Johnsson,C2545,PGBPHDYA2@verizon.com
H Hartnell,C2546,MCSAZWII1@gmail.com
A Boyle,C2547,YSLIQGTH2@verizon.com
G Robitaille,C2548,FDSWLUOS2@verizon.com
E Turgeon,C2549,GLXKQOGQ3@comcast.com
V Weight,C2550,DINQUVTB3@comcast.com
H Kobasew,C2551,WFHTNITO1@gmail.com
R Green,C2552,IXUTZCQZ2@verizon.com
P Tjutin,C2553,HDSOBFTA1@gmail.com
P McCarty,C2554,XIYHWMAD1@gmail.com
I Michalek,C2555,XDJCINYP2@verizon.com
G Wellwood,C2556,XFPDHBTM1@gmail.com
N Dumont,C2557,QWSEROID2@verizon.com
X Salei,C2558,PLBSZXIP1@gmail.com
R Budaj,C2559,KKKJANOT3@comcast.com
F Nash,C2560,LXDCUQQC1@gmail.com
L White,C2561,SPRZJLOG3@comcast.com
Q Vanek,C2562,REGZHJUR3@comcast.com
E Rozsival,C2563,RXYZUAFI3@comcast.com
G Laaksonen,C2564,QGRTARWZ3@comcast.com
P Mayers,C2565,SRODHSOU3@comcast.com
E Tanguay,C2566,MKQIYIJP3@comcast.com
O Yelle,C2567,HNOTRPQX3@comcast.com
L LeClair,C2568,LMZDOJZY3@comcast.com
K Saprykin,C2569,MURQKYYN2@verizon.com
W Brewer,C2570,BXPIYFUM1@gmail.com
U McLennan,C2571,XUUPWKBX2@verizon.com
J Danis,C2572,AWBGOBTJ3@comcast.com
N Jokinen,C2573,HURYKIXK3@comcast.com
T Parros,C2574,WVQMIOXZ2@verizon.com
A Brunette,C2575,ZSGWHGCJ1@gmail.com
W Ballard,C2576,NRSDHEWK1@gmail.com
H Weekes,C2577,IBRKUBNF1@gmail.com
O Vyborny,C2578,XBQMRZXA2@verizon.com
F Cloutier,C2579,QZUHORGM1@gmail.com
V Sillinger,C2580,NWJOMJXL2@verizon.com
M Chelios,C2581,TRDOXKZO1@gmail.com
N Sanderson,C2582,LHBUFRWE3@comcast.com
Y Perezhogin,C2583,YTCCFMZY2@verizon.com
Q Klee,C2584,GTATDAXO3@comcast.com
D Cammalleri,C2585,ECMMUOMC3@comcast.com
X Legwand,C2586,HBFXCNZH3@comcast.com
A Brown,C2587,SMWEGNTW3@comcast.com
Z Marchant,C2588,HYBTFWGS2@verizon.com
L Phillips,C2589,WVBSQFDA1@gmail.com
A Asham,C2590,WJDKBMZC3@comcast.com
M Ference,C2591,UIMQNFRV2@verizon.com
Q Kaberle,C2592,DASJUTFC2@verizon.com
S Hecht,C2593,MOZTIOKZ2@verizon.com
E Carter,C2594,XLCMUWEG1@gmail.com
D Fedoruk,C2595,VNNEDMXT2@verizon.com
J Hill,C2596,POVACRDQ1@gmail.com
B Raycroft,C2597,MCMSKFKL2@verizon.com
R Meszaros,C2598,JUABJFUG3@comcast.com
R Boyes,C2599,MCLTCYLZ3@comcast.com
H Stajan,C2600,ZHTKFCUN1@gmail.com
T Kozlov,C2601,SVEFRZBZ2@verizon.com
A Kuba,C2602,CBTAGZXR1@gmail.com
E Pronger,C2603,AZHMMBFC1@gmail.com
X Muir,C2604,MFNYHDXJ1@gmail.com
P Clemmensen,C2605,QJPRUEKX3@comcast.com
H Foote,C2606,FGVRGKGL2@verizon.com
H Weiss,C2607,YFZKWLMY1@gmail.com
J Bell,C2608,BPOWGCTB2@verizon.com
V Andreychuk,C2609,FBFUTCPG3@comcast.com
Y Konowalchuk,C2610,QVAKBVIJ3@comcast.com
B Corvo,C2611,FYHKVHHX1@gmail.com
Y Belanger,C2612,JPNKGEYY1@gmail.com
T Hamhuis,C2613,GDHERTVJ2@verizon.com
P Reinprecht,C2614,LBBZCDLG1@gmail.com
H Roenick,C2615,RJHAMXQP1@gmail.com
N Berkhoel,C2616,AZRXYILF3@comcast.com
J Halpern,C2617,XJZEDBUE3@comcast.com
J Robitaille,C2618,ZSHJACYG3@comcast.com
Y Snow,C2619,TQMVELYE3@comcast.com
O Boynton,C2620,MKXVVICS3@comcast.com
P Michalek,C2621,UKEPTOSI3@comcast.com
M Leneveu,C2622,TTYRUSHO1@gmail.com
A Barnaby,C2623,YIWWQPOD1@gmail.com
S Gleason,C2624,XBICIMSC3@comcast.com
L Hossa,C2625,HTVNJXNV1@gmail.com
F Backman,C2626,XSUOWFVF1@gmail.com
X Smith,C2627,PONBOTKL2@verizon.com
W Brylin,C2628,ZEHBQNHG2@verizon.com
I Gelinas,C2629,DNDGCJJG3@comcast.com
L Caron,C2630,ADCWFHKV1@gmail.com
J Mason,C2631,NCIZONHL2@verizon.com
F Rafalski,C2632,JGQCNRBK2@verizon.com
K Malhotra,C2633,AQMIXJDF2@verizon.com
L Lehtonen,C2634,QLFPIQRM3@comcast.com
M Clark,C2635,FRUSHBQR1@gmail.com
P Williams,C2636,MFHSZXIB3@comcast.com
J Sim,C2637,LQNPIHWL1@gmail.com
P Krajicek,C2638,AGYNARFU2@verizon.com
S Goc,C2639,UXFYRSGM3@comcast.com
I Bourque,C2640,FCVOZDWW2@verizon.com
Q Hatcher,C2641,ZSVAFEZR1@gmail.com
B Zyuzin,C2642,EYCWNEXW1@gmail.com
O Boogaard,C2643,ZPABEQBP3@comcast.com
P Skoula,C2644,IPGSRQSK1@gmail.com
K Erat,C2645,WGXQTMIB3@comcast.com
O Heward,C2646,RUPNUVSP1@gmail.com
W Kasparaitis,C2647,YSYPMXHQ1@gmail.com
N Getzlaf,C2648,HRSFXTNP3@comcast.com
K Baumgartner,C2649,BTKHIGEM2@verizon.com
B Holik,C2650,OBQMXQFQ2@verizon.com
B Lilja,C2651,NCUWRVOK3@comcast.com
S Bryzgalov,C2652,ZYYKTJXY2@verizon.com
X Brodeur,C2653,LJDPBUBU1@gmail.com
H Orpik,C2654,AMTVAHDM2@verizon.com
C Kostopoulos,C2655,MRXKKBSR1@gmail.com
R Boulton,C2656,HRHHCLDH1@gmail.com
E Barnes,C2657,TKDZZIPX1@gmail.com
L Bouillon,C2658,RRZNSBUE1@gmail.com
A Fedotenko,C2659,MRRCVKYV2@verizon.com
M Rivet,C2660,ESSPEFPM2@verizon.com
K Daigle,C2661,BAUBNURM3@comcast.com
B Domi,C2662,EZNASLLU2@verizon.com
N Weinrich,C2663,JXRJVZUG3@comcast.com
F Miettinen,C2664,XZMNTHFE1@gmail.com
N Kolnik,C2665,XOFRIXTV1@gmail.com
T Souray,C2666,EUEOGWMD2@verizon.com
R Gomez,C2667,SZICMOLL1@gmail.com
C Malone,C2668,OORTCFMA1@gmail.com
E Armstrong,C2669,QQHKMUSK2@verizon.com
N Tellqvist,C2670,QOKOIUJA2@verizon.com
S McAmmond,C2671,AMGULKLA3@comcast.com
H Daley,C2672,CVRGDTPS1@gmail.com
T Hedican,C2673,CFLFJYZH2@verizon.com
T Bulis,C2674,KYDIPHOW1@gmail.com
P Goren,C2675,ENXWCXFY1@gmail.com
J Devereaux,C2676,QFJULJPT2@verizon.com
C Nilson,C2677,PWFEBNHI1@gmail.com
T Smith,C2678,XBNZPLPX1@gmail.com
D Zherdev,C2679,HSCCFVQM2@verizon.com
M Johnson,C2680,SZUZQVQY1@gmail.com
Q Dvorak,C2681,RCLLCFMR1@gmail.com
K Gaustad,C2682,YDRYYTDM2@verizon.com
J Numminen,C2683,BWFGTHQV3@comcast.com
V Garon,C2684,WAAASMSS2@verizon.com
A Connolly,C2685,POATYXUA3@comcast.com
H Vandermeer,C2686,VJRIUTHK2@verizon.com
S Poti,C2687,DIXXCNEG2@verizon.com
U Perreault,C2688,MTWHZSMQ1@gmail.com
R Smolinski,C2689,TWQVFIRW1@gmail.com
H Walz,C2690,DFXLLJDO1@gmail.com
R Parrish,C2691,WWYKVQTB3@comcast.com
S Sauve,C2692,LHFPWEBY2@verizon.com
B Park,C2693,KFZRUJRS2@verizon.com
W Ponikarovsky,C2694,BBIZHZPD2@verizon.com
U Clark,C2695,WPUFGNYJ2@verizon.com
S Martin,C2696,KYYKGPBR1@gmail.com
P Rucchin,C2697,ZUZZMAOX2@verizon.com
P Pisani,C2698,GFWNPODL3@comcast.com
D Reasoner,C2699,RWCQWLEP1@gmail.com
C Vermette,C2700,HQRUDSDH2@verizon.com
K Mezei,C2701,HYQUHGER1@gmail.com
W Brown,C2702,PVXMRXWO3@comcast.com
K Peca,C2703,NKNANJKQ2@verizon.com
B DiPietro,C2704,RFDMQUPD2@verizon.com
X McGrattan,C2705,ROSLULCC1@gmail.com
H Ellison,C2706,ZPGCVSRB3@comcast.com
C Burns,C2707,VMQYKGOH2@verizon.com
K Dupuis,C2708,ENPNZMPY2@verizon.com
B Wanvig,C2709,LKAYDWOI1@gmail.com
V Stefan,C2710,XBZKYQKD3@comcast.com
R Ruutu,C2711,ABRKIIHO2@verizon.com
E Madden,C2712,YJYFDPTB3@comcast.com
Z Bouwmeester,C2713,CJKXSVGT1@gmail.com
Q Tarnstrom,C2714,MBAVXLMB2@verizon.com
K Dimitrakos,C2715,CUWJKIST3@comcast.com
K Moore,C2716,JNSXUDZT3@comcast.com
H Zubrus,C2717,KPQIEHGQ3@comcast.com
P Nieminen,C2718,HUSFXEIQ2@verizon.com
H McCauley,C2719,PUVZLBJB2@verizon.com
O Plekanec,C2720,LEZORWCY2@verizon.com
N Hedstrom,C2721,KIBDWIDC2@verizon.com
A Primeau,C2722,MWKENJEU2@verizon.com
K Vasicek,C2723,PGTCFWBD2@verizon.com
W Calder,C2724,HOHTZYTQ1@gmail.com
K Malik,C2725,IZPBMDCR3@comcast.com
K Nedved,C2726,XWWSMGSL1@gmail.com
N Sundstrom,C2727,RTAATWFD3@comcast.com
D Pothier,C2728,CXEWFPBP1@gmail.com
G Kvasha,C2729,TWHHREVT2@verizon.com
U Brashear,C2730,JEXXTXPN1@gmail.com
X Malakhov,C2731,JGOATMDE2@verizon.com
V Pahlsson,C2732,IACIBSTW3@comcast.com
Y Morris,C2733,VJPYIEQW1@gmail.com
R Leahy,C2734,NRCEVIZM2@verizon.com
N Niinimaa,C2735,CNSHOFRM1@gmail.com
A Wesley,C2736,OQHSTOCM1@gmail.com
U Brennan,C2737,UQPJWNRG1@gmail.com
Y Chimera,C2738,DKWYMLHC1@gmail.com
S Higgins,C2739,HRWQHTMT2@verizon.com
Q Nabokov,C2740,RIHWEILL2@verizon.com
U Hejduk,C2741,YUVWMRQP1@gmail.com
O Campoli,C2742,PEWVZZVH3@comcast.com
M Lydman,C2743,JPAVCJDP2@verizon.com
Z Dandenault,C2744,YUWZIXBI1@gmail.com
T Wiemer,C2745,UWEAAGRZ3@comcast.com
K Carter,C2746,GSAHFPUC3@comcast.com
R Hedberg,C2747,HGVGFTGK2@verizon.com
J Hunter,C2748,BJWKRBXJ1@gmail.com
U Cooke,C2749,CNDIFENT3@comcast.com
O Shelley,C2750,WOFIBYOI3@comcast.com
Y Parise,C2751,GDSQHEDL1@gmail.com
B Zidlicky,C2752,MEJOTIOV2@verizon.com
D Huselius,C2753,VJYZAXMC3@comcast.com
U Khavanov,C2754,ZJXQXEKN1@gmail.com
H Warrener,C2755,YTYHAOFR3@comcast.com
Z Zednik,C2756,ZJXRKCKB3@comcast.com
S Leclaire,C2757,NTIJCDCX3@comcast.com
T Ward,C2758,KPOTTQSG1@gmail.com
A Whitney,C2759,EDUROGOF1@gmail.com
B Gratton,C2760,BXGIKRXP2@verizon.com
A Bochenski,C2761,AZPGFBBF3@comcast.com
F Petrovicky,C2762,RSCOOOLN2@verizon.com
Q Suter,C2763,OWBWSORI1@gmail.com
I Fisher,C2764,ZUZOSBPR1@gmail.com
T Hrdina,C2765,KGTFANNL1@gmail.com
X McLean,C2766,TFYYUJNY1@gmail.com
Y Sarich,C2767,HBJOJRRM2@verizon.com
A Fitzpatrick,C2768,BORBYNAH2@verizon.com
B Cross,C2769,UPXULTVG3@comcast.com
Y York,C2770,PQRXFGVL3@comcast.com
C Mitchell,C2771,MQIWETTS1@gmail.com
F Fitzgerald,C2772,GACQEFUQ3@comcast.com
Y Aucoin,C2773,QNDUEJBL1@gmail.com
Q Cullimore,C2774,RMWWFPPZ3@comcast.com
K McGillis,C2775,XRUMHWCM3@comcast.com
Z Donovan,C2776,EDYPLITC1@gmail.com
F Thornton,C2777,OUAZLDZU2@verizon.com
X Maltby,C2778,NTGFAWBK3@comcast.com
J May,C2779,XTGHFVDH3@comcast.com
L Perry,C2780,NRACRMGL3@comcast.com
A Commodore,C2781,MDTVZEKG1@gmail.com
N Nieuwendyk,C2782,USNIPOFY3@comcast.com
Y Bates,C2783,NXSKYJCZ2@verizon.com
G Isbister,C2784,GWRUZCYR2@verizon.com
L Nichol,C2785,JHCIKUCH1@gmail.com
U Kesler,C2786,LQFNGGLP3@comcast.com
Q Gaborik,C2787,MZSGIZAA2@verizon.com
A VandenBussche,C2788,GZQDGLPQ2@verizon.com
Y Drury,C2789,ZJQLZEDV3@comcast.com
J Fleury,C2790,EOAEQWUL1@gmail.com
P Willsie,C2791,QZPBDGFV3@comcast.com
H Letowski,C2792,GLSWPTZD2@verizon.com
L Cleary,C2793,UCRCKDBB3@comcast.com
D Vishnevski,C2794,SFBUGGNR3@comcast.com
W Preissing,C2795,KAYARXTK3@comcast.com
D Sopel,C2796,BZBNNGYH3@comcast.com
V Primeau,C2797,TPFTEPYZ2@verizon.com
A Ekman,C2798,TSKXADLQ2@verizon.com
Z Foy,C2799,ASXGZETO1@gmail.com
D Pirjeta,C2800,FQYVTJHL3@comcast.com
D Kapanen,C2801,VUGLTJRK3@comcast.com
D Aubin,C2802,KNPCZGNK1@gmail.com
L Radivojevic,C2803,AGJOGUWI3@comcast.com
L Wright,C2804,YPTXUEOR2@verizon.com
B Simon,C2805,YEBWAKKZ3@comcast.com
F Wolski,C2806,MZPNDDGG2@verizon.com
T Denis,C2807,JEHXIVTN2@verizon.com
E Noronen,C2808,JBPUAVFZ1@gmail.com
P Garnett,C2809,DXWMKYLC1@gmail.com
E Kilger,C2810,JBVJGMXU2@verizon.com
W Betts,C2811,LKTISQDZ2@verizon.com
R Dowd,C2812,BFBCNTYS2@verizon.com
Q Hordichuk,C2813,YLJJNSLA3@comcast.com
Z Sutton,C2814,OQEIYNDS2@verizon.com
W Kelly,C2815,FZGHRGGA3@comcast.com
E Dagenais,C2816,NVMVQSCX1@gmail.com
L Havelid,C2817,QWGEJABM3@comcast.com
S Drake,C2818,HKQNWLTI2@verizon.com
T Niittymaki,C2819,WKSWFPQJ1@gmail.com
S Robidas,C2820,JTTIFVJV3@comcast.com
D Volchenkov,C2821,LJXLLQWW3@comcast.com
I Draper,C2822,XJIZYAXU1@gmail.com
E Downey,C2823,ZXADHACO2@verizon.com
J Nordgren,C2824,OQBNQVUJ1@gmail.com
G Woolley,C2825,KRNPPJJH1@gmail.com
X Walker,C2826,UHFHPKET3@comcast.com
E Nilsson,C2827,PJCMRGLC3@comcast.com
E Marshall,C2828,JBUDSVLN2@verizon.com
V Talbot,C2829,EFVMUOBQ3@comcast.com
U McClement,C2830,DVOXOSCF2@verizon.com
V Sharp,C2831,GVJAJWWI3@comcast.com
J Davison,C2832,ASHXXQVV2@verizon.com
B Kolanos,C2833,TPMWABBD3@comcast.com
H Johnson,C2834,NJAUZRNL1@gmail.com
C Allen,C2835,QUHNCUNX3@comcast.com
H Markov,C2836,QMRTKZAO2@verizon.com
Z Hoggan,C2837,GCOYEYKR2@verizon.com
W Antropov,C2838,CMCIHENK1@gmail.com
D Hall,C2839,EVDSXULC2@verizon.com
S Franzen,C2840,USFTSEKO1@gmail.com
N Laraque,C2841,OOXJBEKS3@comcast.com
Z Simpson,C2842,FBFRZDOS3@comcast.com
M Prucha,C2843,VWNXZGGP2@verizon.com
U Vaananen,C2844,DGEIMIQC1@gmail.com
L Dallman,C2845,YBPVNECQ3@comcast.com
B Jackman,C2846,JHOABPGZ3@comcast.com
B Ruutu,C2847,ZMZVGEJS1@gmail.com
C Witt,C2848,KSCEBGMY2@verizon.com
D Roach,C2849,OLDXPFWG1@gmail.com
O Conklin,C2850,DHIFZSBY3@comcast.com
B Gill,C2851,RQROENZI3@comcast.com
U Pandolfo,C2852,PGHHHEUD1@gmail.com
X Bonk,C2853,FIGHIDFM3@comcast.com
G Sydor,C2854,CWMZNZWQ3@comcast.com
N Rasmussen,C2855,OKEUMKDA3@comcast.com
B Hollweg,C2856,UPUNNYFI3@comcast.com
K Orr,C2857,QIWOLLMR3@comcast.com
R Ritchie,C2858,HQFZPVSK1@gmail.com
S Henry,C2859,RQFFLDTW1@gmail.com
B Savage,C2860,IQZNRDNZ1@gmail.com
Z Ortmeyer,C2861,NOAMXCIB1@gmail.com
U Sykora,C2862,KEPRKLYP1@gmail.com
I Gillies,C2863,XMWFMHGJ3@comcast.com
K Clowe,C2864,PLVQOGCD1@gmail.com
R Godard,C2865,BFNTIUTQ1@gmail.com
W Mellanby,C2866,BZPLMBMZ3@comcast.com
B Hannan,C2867,JDYPBZUQ2@verizon.com
A Stumpel,C2868,NUVPNWVQ3@comcast.com
W Christensen,C2869,EQGSUWFS3@comcast.com
X Ricci,C2870,CZMVFCMJ2@verizon.com
A Exelby,C2871,DLGRVBPT2@verizon.com
B Sundin,C2872,JSJXLGII2@verizon.com
D Moen,C2873,TBUVKWEF1@gmail.com
Q Holmqvist,C2874,WDNTTGFD1@gmail.com
N Erskine,C2875,ZSZASJXZ2@verizon.com
F Belak,C2876,TZXDJKVD3@comcast.com
E Campbell,C2877,DCCKUULE3@comcast.com
S Kalinin,C2878,HHARPPYJ3@comcast.com
X Andersson,C2879,VZOPNSKH3@comcast.com
J Lebda,C2880,JNCJWRIN3@comcast.com
O Olesz,C2881,XQBHGOHF3@comcast.com
A Brookbank,C2882,JZJNJSQG3@comcast.com
Q Linden,C2883,PRLOOKSH1@gmail.com
L Klemm,C2884,XFSYUCWD1@gmail.com
R Vrbata,C2885,XDOUFTRC3@comcast.com
B Biron,C2886,GFODDBGT3@comcast.com
P Lukowich,C2887,LVVHIOXC1@gmail.com
F Langfeld,C2888,AGYHFXUO1@gmail.com
M Lessard,C2889,VBQNREMW1@gmail.com
O Kwiatkowski,C2890,EBYCXETN1@gmail.com
S Payer,C2891,AHNDIEKD3@comcast.com
B Komisarek,C2892,WLLFOEGL2@verizon.com
S Adams,C2893,SPXQHRQS1@gmail.com
Y Biron,C2894,HZCXFULO2@verizon.com
N Bradley,C2895,NLLNXHNB3@comcast.com
H Harvey,C2896,LGEIXTSO3@comcast.com
Q Veilleux,C2897,OBUHAOZU3@comcast.com
O Sjostrom,C2898,GOBMYIPC3@comcast.com
N Roberts,C2899,USWLFUQG3@comcast.com
F Friesen,C2900,FDAOSLNN3@comcast.com
Y Shields,C2901,HONKRUBB2@verizon.com
F Taylor,C2902,ULOHDIXK2@verizon.com
Y Marshall,C2903,DQYMXMOP2@verizon.com
A McCarthy,C2904,WVUDWEAB1@gmail.com
L Mowers,C2905,MTSJWJIT3@comcast.com
P Morgan,C2906,FHTWGFQJ2@verizon.com
Q Wilm,C2907,IDQRCVTT3@comcast.com
B Rita,C2908,QGYCNYYQ3@comcast.com
I Nokelainen,C2909,ETQFTPTY1@gmail.com
Q Stewart,C2910,VULRMVOY2@verizon.com
V Hartigan,C2911,OVVKAXNW1@gmail.com
K Keith,C2912,NQCKOLCF1@gmail.com
P Koltsov,C2913,OUBWVQQQ3@comcast.com
O Semenov,C2914,CFEDXKDM2@verizon.com
H Grier,C2915,LQTYXRVC2@verizon.com
A Sauer,C2916,WSPGRPHE2@verizon.com
G Berg,C2917,GHVLKZND3@comcast.com
I Ward,C2918,FEYMZUOD2@verizon.com
Z Moran,C2919,OSGRAUOS2@verizon.com
R Murley,C2920,SKZNDWTK2@verizon.com
N Montador,C2921,BOSXIIGQ3@comcast.com
B Leopold,C2922,SJHJCAYU3@comcast.com
W Healey,C2923,TARVZXCG3@comcast.com
R Kunitz,C2924,YAROKQFN3@comcast.com
L Lombardi,C2925,ACABTSKK2@verizon.com
F Norstrom,C2926,YCPIVXCC2@verizon.com
K Yzerman,C2927,FRZLDVYL2@verizon.com
R Mair,C2928,BLHDDKHJ3@comcast.com
F Pettinger,C2929,MPUJSWKB3@comcast.com
Y DiPenta,C2930,HQNGSVLM1@gmail.com
N Cassels,C2931,JKMUBZKI3@comcast.com
T Morrisonn,C2932,GFIBETSW1@gmail.com
D Schultz,C2933,TZLBYOYC2@verizon.com
I Strudwick,C2934,KABNECVS2@verizon.com
R Balastik,C2935,SHYGLOGU1@gmail.com
P Wallin,C2936,FRETYPKH1@gmail.com
F Alberts,C2937,QGZYFBVM1@gmail.com
C DiMaio,C2938,IOLITTRR1@gmail.com
P Fedorov,C2939,XEOQAZPU3@comcast.com
V Artyukhin,C2940,OXHHFVWK3@comcast.com
S O'Donnell,C2941,IGLIDRPJ1@gmail.com
H Stempniak,C2942,BFENHROZ1@gmail.com
V Fritsche,C2943,GOKMKFFA3@comcast.com
Y McEachern,C2944,ISVUMULM1@gmail.com
C Pyatt,C2945,FLRVJSXN3@comcast.com
O Rycroft,C2946,BQYONVGU2@verizon.com
B Allison,C2947,KGDQPOSS1@gmail.com
Y Beauchemin,C2948,EYWBMAXG3@comcast.com
U Klepis,C2949,ROPGQTJH1@gmail.com
Q Sejna,C2950,LHUPKMRI2@verizon.com
T McKee,C2951,CSFHXIVW2@verizon.com
J Poapst,C2952,PTDDNUHF1@gmail.com
Z Eaves,C2953,NWTVRNOZ1@gmail.com
U Vigier,C2954,XUYSACVP1@gmail.com
C Cowan,C2955,UFIYVFYG1@gmail.com
W Hagman,C2956,GNRYWZFM2@verizon.com
W Fata,C2957,LDJCIUIB2@verizon.com
G Afanasenkov,C2958,RXFHBHME1@gmail.com
Q Czerkawski,C2959,LMYMCYVO1@gmail.com
Z Boulerice,C2960,OAGFDUQN1@gmail.com
H Weinhandl,C2961,OOTHWZPF3@comcast.com
T Rupp,C2962,GSTVBTCM2@verizon.com
B Sutherby,C2963,LDCAERFC3@comcast.com
M Peters,C2964,MDHKPFXI2@verizon.com
K Toskala,C2965,SFFGPOVT3@comcast.com
Z Koivu,C2966,KQJJSTGO3@comcast.com
V Suchy,C2967,SNIDWXQR3@comcast.com
Z Miller,C2968,BSZKATZD3@comcast.com
V Skrastins,C2969,ZOXMRZQN3@comcast.com
C Tarnasky,C2970,USKWAQQO3@comcast.com
H Tanabe,C2971,QYRFITZI2@verizon.com
Y Clymer,C2972,HXPXLQOC1@gmail.com
O Hinote,C2973,HUBMWBKL2@verizon.com
Q Tallinder,C2974,JYHCJDKP3@comcast.com
C Fedorov,C2975,ACXBXZJW2@verizon.com
A Varada,C2976,TGDLKYIO2@verizon.com
Z Kondratiev,C2977,HWGJLIFC3@comcast.com
W MacDonald,C2978,YXVAEXIU1@gmail.com
I Zigomanis,C2979,MDWAZHMS3@comcast.com
S Richardson,C2980,RNUPJKDO1@gmail.com
R Johnson,C2981,BEJPLGZB1@gmail.com
D Upshall,C2982,VJRGMOXC2@verizon.com
N Winchester,C2983,RYSTYEVM2@verizon.com
B Konopka,C2984,ALAWQYIO3@comcast.com
V Laich,C2985,NZJXJIWD1@gmail.com
D Ehrhoff,C2986,JGMBUOSY3@comcast.com
C Roy,C2987,VHZAGOUU2@verizon.com
U Dempsey,C2988,VRZOKLVG2@verizon.com
M Matvichuk,C2989,DEAHCMMQ2@verizon.com
L Belanger,C2990,NTZCONZK1@gmail.com
C Ivanans,C2991,ZFBXDSVY2@verizon.com
S Ozolinsh,C2992,BERRFLWS2@verizon.com
V Goertzen,C2993,EZTYXXKS1@gmail.com
I Westcott,C2994,VTPTUAMG1@gmail.com
E Salvador,C2995,QXDZJRHF1@gmail.com
V Johnson,C2996,OXOKFCQN3@comcast.com
Y Stevenson,C2997,STTUSFNA2@verizon.com
F Dingman,C2998,BXBWOPSF1@gmail.com
C Pratt,C2999,FQYXJPIH3@comcast.com
Z Nazarov,C3000,WZGKTPBS1@gmail.com
W Martinek,C3001,CGSUNEVF2@verizon.com
X Hull,C3002,HHFCDEYE1@gmail.com
K Gauthier,C3003,BHMWPECC3@comcast.com
S Umberger,C3004,GSAODQXU1@gmail.com
M Svoboda,C3005,EISRIFQV3@comcast.com
O Larsen,C3006,BRJOXHHD3@comcast.com
X Ferguson,C3007,FCSVEHWR3@comcast.com
L Fleischmann,C3008,WXXUCEUH1@gmail.com
A Brule,C3009,LBZJFEYY1@gmail.com
S Gavey,C3010,SHSHAFJF1@gmail.com
T Lundmark,C3011,HDGONQFA2@verizon.com
C Hulse,C3012,WQRQGRBQ3@comcast.com
E Bernier,C3013,EHIITMGF3@comcast.com
F Streit,C3014,MJBUKBRX1@gmail.com
T Gordon,C3015,QTCBDYIC1@gmail.com
R Green,C3016,WZVNDZSG2@verizon.com
J Nash,C3017,OYCBBATA1@gmail.com
B Taffe,C3018,KZEWSLPZ3@comcast.com
W Marchment,C3019,WLBXTAPE3@comcast.com
V Klesla,C3020,NPBKPIEN3@comcast.com
J Slater,C3021,JDSJJNKH2@verizon.com
F Odelein,C3022,NQZNJFFN1@gmail.com
U Clarke,C3023,AACYSSHW2@verizon.com
C Whitfield,C3024,IGQRQOKH1@gmail.com
W Divis,C3025,VFXVJSUT2@verizon.com
N Tkachuk,C3026,EVKPFTXN3@comcast.com
N Tjarnqvist,C3027,PJHUDGWW2@verizon.com
Z Ulanov,C3028,OUJWXNDE2@verizon.com
H Barney,C3029,KZYDFYDP2@verizon.com
T Brodziak,C3030,AONSOHOJ1@gmail.com
H Janssen,C3031,PDGGXSYE3@comcast.com
Q Giuliano,C3032,TRHTWINS1@gmail.com
M Campbell,C3033,LGBYIFCO3@comcast.com
X Pominville,C3034,BFUJHODI1@gmail.com
S Nickulas,C3035,UXTZUENV2@verizon.com
H Roy,C3036,FRMGCUSY3@comcast.com
H Pihlman,C3037,EHRGILLR3@comcast.com
E Rheaume,C3038,ABFQENTV3@comcast.com
B Polak,C3039,HMNBOSDC3@comcast.com
P Bartovic,C3040,VCULWFBQ3@comcast.com
Z Eaton,C3041,YFMSKYOX1@gmail.com
X Peat,C3042,OPAJFTDU2@verizon.com
J Ranger,C3043,OCJFWCWP2@verizon.com
Z Boughner,C3044,OAKJOUBB3@comcast.com
J Gainey,C3045,GIEASLWX1@gmail.com
U Walker,C3046,LXWAJTGB1@gmail.com
F Fiddler,C3047,IKGZHYFC3@comcast.com
S Oliver,C3048,NNZOBNHZ2@verizon.com
G St.,C3049,DKHWXHTU2@verizon.com
I Cibak,C3050,WKJHCTWT3@comcast.com
T Daze,C3051,CFMHAULD3@comcast.com
V St.,C3052,INBOZUKH1@gmail.com
K Tootoo,C3053,ADOOUOQC1@gmail.com
H Fahey,C3054,EBYZWDCJ2@verizon.com
R Pettinen,C3055,VFSDGXPF3@comcast.com
S Melichar,C3056,NEPNTDKW1@gmail.com
F Hemingway,C3057,ABOGSYGS3@comcast.com
K Smith,C3058,YDLLSFKW2@verizon.com
X Coburn,C3059,XYDCMRBR1@gmail.com
E Oliwa,C3060,MXJHRBYF2@verizon.com
V Regehr,C3061,ODQPWPBZ2@verizon.com
Q Lessard,C3062,PQMFNYYU1@gmail.com
C Leach,C3063,FJAWALWF1@gmail.com
L Hnidy,C3064,JCODIONY2@verizon.com
U Gamache,C3065,QXQJENUI2@verizon.com
G Cairns,C3066,MCZSEMZX1@gmail.com
I Perrott,C3067,NOKIGWAM3@comcast.com
W Schubert,C3068,VUVLWURH1@gmail.com
L Woywitka,C3069,XLIQLVRY1@gmail.com
T Therien,C3070,FOENPPCR3@comcast.com
T Yonkman,C3071,CBKIEESH1@gmail.com
R Khabibulin,C3072,HFPAYYEH1@gmail.com
W White,C3073,ZZJXEZHI1@gmail.com
J Rivers,C3074,BSXQKHNE2@verizon.com
E Helbling,C3075,QLCSRQRH3@comcast.com
B Jurcina,C3076,WCXTAUUY3@comcast.com
C Weaver,C3077,YCLSVZLX2@verizon.com
A Tjarnqvist,C3078,MYTCMOQD3@comcast.com
S Syvret,C3079,HPZIBXQL3@comcast.com
E Karpovtsev,C3080,WLDTBEVM1@gmail.com
P Scuderi,C3081,WBKBKXGT3@comcast.com
I Green,C3082,ELQIBCML3@comcast.com
P Thibault,C3083,GWUBGSNC3@comcast.com
J Hutchinson,C3084,BQPWOKNI3@comcast.com
U Kloucek,C3085,ACOTXEMI3@comcast.com
W Jillson,C3086,BKYPCTSI1@gmail.com
Z Skolney,C3087,NFGNHPMB3@comcast.com
D Colaiacovo,C3088,RJTAMTLB3@comcast.com
G Delmore,C3089,HDGUJYUJ3@comcast.com
W Lampman,C3090,XZPXEJDS3@comcast.com
H Barker,C3091,JNYBRXSA2@verizon.com
A Kronwall,C3092,TVPCXPHW1@gmail.com
A Seidenberg,C3093,MTIYLNTK1@gmail.com
C Lalime,C3094,KFLFKOCR1@gmail.com
V Popovic,C3095,UJSDYIQR3@comcast.com
